{
  "timestamp": "2025-07-30T13:51:26.246789",
  "deltas": {
    "DE": -0.275597460874954,
    "GOOG": -0.08428345548730161,
    "JPM": -0.043705936112757617,
    "NVDA": 0.6471427090738217,
    "UNH": -0.7542377138568485,
    "WMT": -0.044300914530425506,
    "XOM": -0.22124020340329653
  }
}